id,name,email,created_at
1,Alice Jones,alice.jones1@example.com,2025-09-28 20:53:00
2,Ivan Williams,ivan.williams2@example.com,2025-10-29 20:53:00
3,David Davis,david.davis3@example.com,2025-07-18 20:53:00
4,Heidi Garcia,heidi.garcia4@example.com,2025-05-26 20:53:00
5,Bob Miller,bob.miller5@example.com,2025-05-24 20:53:00
6,Bob Brown,bob.brown6@example.com,2025-08-20 20:53:00
7,Bob Rodriguez,bob.rodriguez7@example.com,2025-09-07 20:53:00
8,Frank Rodriguez,frank.rodriguez8@example.com,2025-04-20 20:53:00
9,Charlie Williams,charlie.williams9@example.com,2025-05-04 20:53:00
10,Grace Williams,grace.williams10@example.com,2025-08-21 20:53:00
11,Judy Jones,judy.jones11@example.com,2025-06-08 20:53:00
12,Eve Brown,eve.brown12@example.com,2025-04-06 20:53:00
13,Grace Garcia,grace.garcia13@example.com,2025-04-15 20:53:00
14,David Davis,david.davis14@example.com,2025-04-03 20:53:00
15,Bob Wilson,bob.wilson15@example.com,2025-05-04 20:53:00
16,Frank Garcia,frank.garcia16@example.com,2025-07-20 20:53:00
17,Frank Wilson,frank.wilson17@example.com,2025-07-13 20:53:00
18,Grace Wilson,grace.wilson18@example.com,2025-10-20 20:53:00
19,Bob Brown,bob.brown19@example.com,2025-10-01 20:53:00
20,Judy Williams,judy.williams20@example.com,2025-02-23 20:53:00
21,Grace Davis,grace.davis21@example.com,2025-05-24 20:53:00
22,Frank Jones,frank.jones22@example.com,2025-07-04 20:53:00
23,Eve Jones,eve.jones23@example.com,2025-07-06 20:53:00
24,Frank Rodriguez,frank.rodriguez24@example.com,2025-09-07 20:53:00
25,Grace Miller,grace.miller25@example.com,2025-05-27 20:53:00
26,Bob Garcia,bob.garcia26@example.com,2025-05-13 20:53:00
27,David Davis,david.davis27@example.com,2025-04-26 20:53:00
28,Frank Wilson,frank.wilson28@example.com,2025-02-24 20:53:00
29,Charlie Davis,charlie.davis29@example.com,2025-07-19 20:53:00
30,David Smith,david.smith30@example.com,2025-10-31 20:53:00
31,Frank Brown,frank.brown31@example.com,2025-07-01 20:53:00
32,Charlie Rodriguez,charlie.rodriguez32@example.com,2025-02-27 20:53:00
33,David Brown,david.brown33@example.com,2025-07-23 20:53:00
34,Ivan Brown,ivan.brown34@example.com,2025-09-03 20:53:00
35,Grace Davis,grace.davis35@example.com,2025-11-02 20:53:00
36,Frank Garcia,frank.garcia36@example.com,2025-03-14 20:53:00
37,Charlie Miller,charlie.miller37@example.com,2025-08-03 20:53:00
38,Ivan Rodriguez,ivan.rodriguez38@example.com,2025-10-27 20:53:00
39,Frank Rodriguez,frank.rodriguez39@example.com,2025-07-08 20:53:00
40,Alice Smith,alice.smith40@example.com,2025-06-25 20:53:00
41,Charlie Brown,charlie.brown41@example.com,2025-05-06 20:53:00
42,Charlie Williams,charlie.williams42@example.com,2025-04-30 20:53:00
43,David Wilson,david.wilson43@example.com,2025-03-19 20:53:00
44,Frank Garcia,frank.garcia44@example.com,2025-10-31 20:53:00
45,Eve Miller,eve.miller45@example.com,2025-07-10 20:53:00
46,David Johnson,david.johnson46@example.com,2025-03-13 20:53:00
47,David Rodriguez,david.rodriguez47@example.com,2025-06-01 20:53:00
48,Bob Rodriguez,bob.rodriguez48@example.com,2025-05-09 20:53:00
49,Grace Rodriguez,grace.rodriguez49@example.com,2025-10-01 20:53:00
50,Eve Miller,eve.miller50@example.com,2025-07-15 20:53:00
